               epoch,      train/box_loss,      train/obj_loss,      train/cls_loss,   metrics/precision,      metrics/recall,     metrics/mAP_0.5,metrics/mAP_0.5:0.95,        val/box_loss,        val/obj_loss,        val/cls_loss,               x/lr0,               x/lr1,               x/lr2
                   0,            0.037012,           0.0087746,           0.0036311,             0.84836,             0.93729,             0.95588,               0.518,            0.037797,           0.0067459,           0.0022637,            0.070349,           0.0032946,           0.0032946
                   1,            0.041918,           0.0086202,           0.0038383,             0.85099,             0.83967,             0.91047,             0.47565,            0.036906,           0.0073028,           0.0039683,            0.040316,           0.0065951,           0.0065951
                   2,            0.047337,           0.0090568,           0.0050478,             0.81627,             0.68123,             0.78223,             0.36108,            0.048344,           0.0079816,           0.0078103,             0.01025,           0.0098626,           0.0098626
                   3,            0.048289,           0.0095331,           0.0059376,             0.86669,             0.72954,             0.85301,             0.41868,            0.038988,            0.008378,           0.0059813,           0.0098515,           0.0098515,           0.0098515
                   4,            0.047706,           0.0094345,           0.0060399,             0.55562,             0.73309,             0.64739,             0.31698,            0.045668,            0.009501,            0.010165,           0.0098515,           0.0098515,           0.0098515
                   5,            0.046339,           0.0093958,           0.0050179,             0.62428,              0.6534,             0.66811,             0.29703,            0.052086,           0.0095078,            0.027202,            0.009802,            0.009802,            0.009802
                   6,            0.044918,           0.0092376,           0.0050059,             0.76605,              0.4338,             0.45342,             0.20924,            0.056638,            0.011319,            0.030058,           0.0097525,           0.0097525,           0.0097525
                   7,            0.044399,           0.0090841,           0.0046781,             0.74353,              0.6899,             0.72938,             0.36651,            0.040174,            0.009211,            0.016899,            0.009703,            0.009703,            0.009703
                   8,             0.04233,           0.0087488,           0.0038273,             0.92845,             0.81659,             0.89953,             0.47501,             0.03825,           0.0076538,            0.004726,           0.0096535,           0.0096535,           0.0096535
                   9,            0.041659,           0.0085476,            0.003679,             0.88978,             0.59133,             0.64246,             0.32617,            0.045991,            0.010827,            0.019252,            0.009604,            0.009604,            0.009604
                  10,            0.040347,           0.0086187,           0.0031589,              0.7332,             0.73867,             0.73545,             0.40208,            0.041972,           0.0087542,           0.0087064,           0.0095545,           0.0095545,           0.0095545
                  11,            0.039979,            0.008452,           0.0030712,             0.85563,             0.95155,             0.90127,             0.52851,            0.033348,           0.0070359,           0.0022594,            0.009505,            0.009505,            0.009505
                  12,            0.038577,           0.0084703,           0.0029635,             0.84842,             0.76352,              0.8791,             0.49726,            0.033926,           0.0089088,           0.0033474,           0.0094555,           0.0094555,           0.0094555
                  13,            0.037756,           0.0082051,           0.0026107,             0.85038,             0.58795,              0.6661,             0.36571,             0.05167,            0.011233,            0.021227,            0.009406,            0.009406,            0.009406
                  14,            0.037657,           0.0084208,            0.002679,             0.90729,             0.93523,             0.94837,             0.56055,            0.030893,           0.0065152,           0.0016303,           0.0093565,           0.0093565,           0.0093565
                  15,            0.036315,           0.0081974,           0.0027284,             0.92982,              0.9068,             0.95811,             0.55867,            0.030241,           0.0066619,           0.0020339,            0.009307,            0.009307,            0.009307
                  16,            0.036353,           0.0082264,           0.0025839,               0.873,             0.86107,             0.91176,             0.51532,            0.032395,           0.0075779,            0.014382,           0.0092575,           0.0092575,           0.0092575
                  17,             0.03578,           0.0079767,            0.002246,             0.95487,             0.87562,             0.96063,             0.53746,            0.030791,           0.0066368,           0.0014703,            0.009208,            0.009208,            0.009208
                  18,            0.035567,           0.0078998,           0.0021343,             0.88314,             0.86445,             0.92351,             0.54296,            0.033768,           0.0078894,           0.0088865,           0.0091585,           0.0091585,           0.0091585
                  19,            0.035142,           0.0078174,           0.0025256,             0.73064,             0.55751,             0.62736,             0.29507,            0.044929,            0.013491,            0.028074,            0.009109,            0.009109,            0.009109
                  20,            0.034492,           0.0077871,           0.0021408,             0.90875,             0.94664,              0.9721,             0.57174,            0.030351,           0.0067601,           0.0018508,           0.0090595,           0.0090595,           0.0090595
                  21,            0.034352,           0.0075563,           0.0019823,             0.95408,             0.94677,             0.97548,             0.57211,            0.028212,           0.0063646,           0.0012389,             0.00901,             0.00901,             0.00901
                  22,             0.03411,            0.007764,           0.0020537,             0.83248,             0.80307,             0.88013,             0.49738,             0.03761,           0.0078127,            0.014021,           0.0089605,           0.0089605,           0.0089605
                  23,            0.033581,           0.0077102,           0.0019747,             0.94372,             0.91089,             0.96137,              0.5539,            0.030702,               0.007,            0.001583,            0.008911,            0.008911,            0.008911
                  24,            0.033618,           0.0077794,           0.0020716,             0.90296,              0.9011,             0.93043,             0.56307,            0.031283,            0.006535,           0.0010136,           0.0088615,           0.0088615,           0.0088615
                  25,             0.03271,            0.007485,           0.0015886,             0.96285,             0.94317,             0.98249,             0.60346,            0.028039,           0.0063444,           0.0014501,            0.008812,            0.008812,            0.008812
                  26,            0.032925,           0.0075832,           0.0019855,             0.86272,             0.88205,             0.91326,             0.49826,            0.032228,           0.0078215,           0.0026416,           0.0087625,           0.0087625,           0.0087625
                  27,            0.032927,           0.0074459,           0.0015478,             0.92209,             0.88542,             0.92943,             0.52941,             0.03288,           0.0078061,           0.0019359,            0.008713,            0.008713,            0.008713
                  28,            0.032386,           0.0076186,           0.0016077,             0.94373,              0.9594,             0.97881,             0.60523,            0.027733,           0.0061182,            0.001033,           0.0086635,           0.0086635,           0.0086635
                  29,            0.032415,           0.0074911,           0.0020137,             0.95319,             0.96141,              0.9804,             0.62966,            0.027547,           0.0062364,           0.0014893,            0.008614,            0.008614,            0.008614
                  30,            0.031842,            0.007391,           0.0017759,              0.8863,             0.85851,             0.89678,             0.55426,            0.031917,           0.0079323,            0.010703,           0.0085645,           0.0085645,           0.0085645
                  31,            0.031325,           0.0072818,           0.0016115,              0.9036,             0.74408,             0.81062,             0.47944,            0.036541,            0.011026,           0.0068585,            0.008515,            0.008515,            0.008515
                  32,            0.031427,           0.0074839,           0.0015243,             0.92326,             0.76042,             0.90398,             0.52996,            0.033019,           0.0079062,            0.012862,           0.0084655,           0.0084655,           0.0084655
                  33,             0.03081,           0.0072531,           0.0013974,             0.96557,             0.97507,             0.98352,             0.66993,            0.025546,           0.0059079,          0.00097426,            0.008416,            0.008416,            0.008416
                  34,            0.030391,           0.0072527,           0.0017223,             0.85195,             0.55883,             0.65398,             0.37768,            0.035988,            0.012383,           0.0075288,           0.0083665,           0.0083665,           0.0083665
                  35,             0.03119,           0.0071535,           0.0018471,             0.88755,             0.87072,             0.90692,             0.55337,            0.031007,           0.0078334,           0.0026523,            0.008317,            0.008317,            0.008317
                  36,            0.031074,           0.0074906,           0.0017554,             0.96775,             0.97719,             0.98519,             0.65883,            0.024993,           0.0060522,           0.0011196,           0.0082675,           0.0082675,           0.0082675
                  37,            0.030455,           0.0074225,           0.0015339,             0.80683,             0.68767,             0.77908,              0.4421,            0.036725,           0.0096416,           0.0099354,            0.008218,            0.008218,            0.008218
                  38,            0.030608,            0.007252,           0.0014613,             0.93801,             0.96376,             0.97386,             0.63246,            0.026789,           0.0061105,          0.00092602,           0.0081685,           0.0081685,           0.0081685
                  39,            0.029938,            0.007086,           0.0013798,             0.94214,              0.9073,             0.95045,             0.59115,            0.030368,           0.0072163,           0.0018135,            0.008119,            0.008119,            0.008119
                  40,             0.02986,           0.0070729,           0.0014072,             0.95847,             0.96032,             0.97651,             0.63834,            0.026871,           0.0061054,          0.00087715,           0.0080695,           0.0080695,           0.0080695
                  41,             0.02971,           0.0073158,            0.001426,             0.60374,             0.59146,             0.62277,             0.37544,            0.041972,            0.012595,           0.0099227,             0.00802,             0.00802,             0.00802
                  42,            0.029338,           0.0070021,             0.00147,             0.95302,             0.97606,             0.98078,             0.64115,            0.025655,           0.0060397,          0.00085977,           0.0079705,           0.0079705,           0.0079705
                  43,            0.029427,           0.0072502,            0.001391,             0.94355,             0.88181,             0.92484,             0.56726,             0.02927,           0.0074318,            0.003736,            0.007921,            0.007921,            0.007921
                  44,            0.029228,           0.0068541,           0.0013139,             0.92337,              0.9248,             0.95145,               0.601,            0.027335,           0.0068532,           0.0012626,           0.0078715,           0.0078715,           0.0078715
                  45,            0.029662,           0.0071048,           0.0013324,             0.96213,             0.94463,             0.97616,             0.65094,            0.025306,           0.0061754,          0.00077083,            0.007822,            0.007822,            0.007822
                  46,            0.029258,           0.0070491,           0.0014329,             0.97045,             0.96221,              0.9852,             0.65194,            0.025457,            0.006092,          0.00084456,           0.0077725,           0.0077725,           0.0077725
                  47,            0.029033,           0.0069458,            0.001307,             0.92468,             0.98286,             0.98142,             0.63114,            0.027394,           0.0063088,           0.0014648,            0.007723,            0.007723,            0.007723
                  48,              0.0293,           0.0070455,           0.0014421,             0.92224,             0.85968,              0.9183,             0.55631,            0.031023,           0.0079713,           0.0021113,           0.0076735,           0.0076735,           0.0076735
                  49,            0.028401,           0.0068244,           0.0012038,             0.93885,             0.93522,             0.95528,              0.6111,            0.026104,           0.0064054,          0.00094886,            0.007624,            0.007624,            0.007624
                  50,            0.028702,           0.0068976,           0.0012324,             0.94818,              0.9582,             0.98068,             0.65867,            0.024801,            0.005889,          0.00080959,           0.0075745,           0.0075745,           0.0075745
                  51,            0.028525,           0.0069595,            0.001325,              0.9281,             0.88229,             0.93886,             0.60535,            0.029042,            0.007562,           0.0024662,            0.007525,            0.007525,            0.007525
                  52,             0.02822,           0.0068549,           0.0015242,             0.83955,             0.74274,             0.82653,             0.45493,            0.036512,            0.011621,            0.012243,           0.0074755,           0.0074755,           0.0074755
                  53,            0.028559,           0.0068214,           0.0014366,              0.9755,             0.91741,             0.97113,             0.61657,            0.027203,           0.0066661,           0.0012675,            0.007426,            0.007426,            0.007426
                  54,            0.027787,           0.0068603,           0.0011101,             0.96578,             0.97324,             0.98549,             0.66505,            0.024581,            0.005976,          0.00072159,           0.0073765,           0.0073765,           0.0073765
                  55,            0.027941,           0.0067042,           0.0010877,             0.93557,             0.95576,              0.9698,             0.64282,            0.025641,           0.0062947,          0.00084389,            0.007327,            0.007327,            0.007327
                  56,            0.027891,           0.0070205,          0.00098312,             0.94125,             0.97597,              0.9849,             0.67779,            0.024178,           0.0057853,          0.00063471,           0.0072775,           0.0072775,           0.0072775
                  57,            0.027918,           0.0067315,          0.00098948,             0.95274,             0.95545,             0.96875,              0.6251,            0.026602,            0.006361,          0.00083773,            0.007228,            0.007228,            0.007228
                  58,            0.028112,            0.006625,           0.0012066,             0.96759,             0.97901,             0.98798,             0.66937,            0.024376,           0.0057007,          0.00065279,           0.0071785,           0.0071785,           0.0071785
                  59,            0.028039,           0.0067519,           0.0012553,             0.95604,             0.97595,              0.9808,             0.63547,            0.025344,           0.0059733,          0.00071787,            0.007129,            0.007129,            0.007129
                  60,            0.027645,           0.0067216,           0.0011951,             0.90924,             0.92692,              0.9641,             0.63869,            0.026596,              0.0069,           0.0010864,           0.0070795,           0.0070795,           0.0070795
                  61,            0.027574,           0.0066859,           0.0013974,             0.92996,             0.94863,             0.98013,             0.63512,            0.025154,            0.006164,           0.0010948,             0.00703,             0.00703,             0.00703
                  62,            0.027878,            0.006767,           0.0011907,             0.97017,             0.98342,             0.98706,             0.66289,            0.023763,           0.0056736,          0.00062389,           0.0069805,           0.0069805,           0.0069805
                  63,            0.027432,           0.0066152,          0.00095662,              0.9751,             0.97351,             0.98935,             0.65057,            0.023703,           0.0057601,          0.00061127,            0.006931,            0.006931,            0.006931
                  64,            0.027569,           0.0067785,           0.0012444,             0.96721,             0.98232,             0.98924,             0.67545,            0.023393,           0.0056226,          0.00063203,           0.0068815,           0.0068815,           0.0068815
                  65,            0.026629,           0.0069313,           0.0011221,             0.94403,             0.97045,             0.98132,             0.65604,            0.025455,           0.0067366,          0.00088922,            0.006832,            0.006832,            0.006832
                  66,             0.02676,           0.0064715,           0.0010047,             0.96512,              0.9786,             0.98728,             0.65749,            0.024404,           0.0056843,          0.00055168,           0.0067825,           0.0067825,           0.0067825
                  67,            0.027114,           0.0066374,           0.0010058,             0.96011,             0.97878,             0.98653,             0.66901,            0.024014,           0.0059096,          0.00067054,            0.006733,            0.006733,            0.006733
                  68,            0.027144,           0.0065173,           0.0010441,              0.9645,             0.97874,             0.98202,             0.67367,            0.023832,           0.0057734,          0.00068601,           0.0066835,           0.0066835,           0.0066835
                  69,            0.026966,           0.0066346,            0.001127,             0.95356,              0.9487,             0.96926,             0.64378,            0.026059,            0.006285,          0.00073984,            0.006634,            0.006634,            0.006634
                  70,            0.026913,           0.0067013,           0.0013124,             0.90161,             0.76344,              0.8726,             0.52285,            0.037799,           0.0094824,            0.018058,           0.0065845,           0.0065845,           0.0065845
                  71,            0.026814,           0.0065952,           0.0010388,             0.95609,             0.97225,             0.98085,             0.66452,            0.023527,           0.0058347,          0.00058493,            0.006535,            0.006535,            0.006535
                  72,            0.027248,           0.0066579,           0.0013232,             0.95986,               0.978,             0.98275,             0.66756,            0.024516,           0.0059193,          0.00070767,           0.0064855,           0.0064855,           0.0064855
                  73,            0.027138,           0.0066557,           0.0011554,             0.96006,             0.98775,             0.98704,             0.66687,            0.023183,           0.0055281,          0.00055355,            0.006436,            0.006436,            0.006436
                  74,            0.027235,           0.0067647,             0.00135,             0.97338,             0.98061,             0.98835,             0.68073,            0.023448,           0.0056568,          0.00069975,           0.0063865,           0.0063865,           0.0063865
                  75,            0.026617,           0.0065511,          0.00092451,             0.96867,              0.9792,             0.98868,             0.70248,            0.023078,           0.0055885,          0.00051524,            0.006337,            0.006337,            0.006337
                  76,            0.026534,           0.0065753,           0.0010591,             0.95424,             0.96288,             0.98289,             0.67131,            0.024923,           0.0061767,          0.00070173,           0.0062875,           0.0062875,           0.0062875
                  77,            0.026063,           0.0065587,          0.00087745,             0.97281,              0.9829,             0.98766,             0.68869,            0.023263,           0.0055867,          0.00050193,            0.006238,            0.006238,            0.006238
                  78,            0.026545,            0.006549,           0.0010367,             0.96565,             0.97461,             0.98211,             0.64969,            0.024659,           0.0059344,          0.00056582,           0.0061885,           0.0061885,           0.0061885
                  79,            0.026137,           0.0063991,           0.0010447,             0.96382,             0.97468,             0.98092,             0.66246,            0.023806,           0.0057065,          0.00060405,            0.006139,            0.006139,            0.006139
                  80,            0.026038,            0.006342,           0.0010227,             0.95891,             0.98307,             0.98659,             0.67264,            0.024003,            0.005961,          0.00057937,           0.0060895,           0.0060895,           0.0060895
                  81,            0.025951,           0.0065115,           0.0010491,              0.9378,             0.89105,             0.96045,             0.60796,             0.02933,           0.0077881,           0.0033573,             0.00604,             0.00604,             0.00604
                  82,            0.025934,           0.0063771,           0.0014732,             0.97646,             0.97516,             0.98499,             0.66351,            0.023189,           0.0056824,          0.00058494,           0.0059905,           0.0059905,           0.0059905
                  83,            0.025864,           0.0065814,            0.001055,             0.96841,             0.98617,             0.98739,             0.68297,            0.023309,           0.0055854,          0.00067379,            0.005941,            0.005941,            0.005941
                  84,            0.025782,           0.0064231,           0.0010048,             0.93972,             0.94064,             0.96711,             0.64027,            0.025703,           0.0065901,          0.00094035,           0.0058915,           0.0058915,           0.0058915
                  85,            0.025712,           0.0062942,          0.00086852,             0.91716,             0.89243,             0.94473,             0.60118,             0.02706,           0.0081952,            0.001855,            0.005842,            0.005842,            0.005842
                  86,            0.025972,           0.0064046,          0.00093263,             0.95756,              0.9379,             0.97156,              0.6489,            0.026359,           0.0066171,           0.0016138,           0.0057925,           0.0057925,           0.0057925
                  87,            0.025722,           0.0064111,          0.00097367,              0.9336,             0.96481,             0.97784,             0.66115,            0.024132,           0.0061952,           0.0006122,            0.005743,            0.005743,            0.005743
                  88,             0.02568,           0.0064587,            0.001098,             0.96234,             0.96193,               0.982,             0.66955,            0.024686,           0.0060181,          0.00066322,           0.0056935,           0.0056935,           0.0056935
                  89,            0.025515,           0.0064349,          0.00087489,             0.97303,              0.9555,              0.9858,             0.67456,            0.023427,           0.0057381,           0.0012622,            0.005644,            0.005644,            0.005644
                  90,            0.025027,           0.0062846,          0.00075362,             0.97178,             0.96821,             0.98201,             0.66551,            0.024117,           0.0061767,          0.00064871,           0.0055945,           0.0055945,           0.0055945
                  91,            0.025427,           0.0063204,          0.00098379,             0.95202,             0.96033,             0.98088,             0.66029,            0.024481,           0.0061095,           0.0007992,            0.005545,            0.005545,            0.005545
                  92,            0.025276,           0.0063801,          0.00089004,             0.97375,              0.9774,             0.98931,             0.69159,            0.022672,           0.0056475,          0.00046543,           0.0054955,           0.0054955,           0.0054955
                  93,            0.025203,           0.0063211,          0.00080604,             0.95809,             0.96473,              0.9806,             0.66808,            0.024123,           0.0060813,          0.00068434,            0.005446,            0.005446,            0.005446
                  94,            0.025294,           0.0063844,          0.00093227,             0.95623,             0.98469,             0.98561,             0.68191,            0.023072,           0.0056861,          0.00048668,           0.0053965,           0.0053965,           0.0053965
                  95,            0.025063,           0.0063198,          0.00078017,             0.96924,             0.97712,              0.9873,             0.70218,            0.022777,           0.0056222,          0.00050462,            0.005347,            0.005347,            0.005347
                  96,            0.024956,           0.0062735,          0.00089292,             0.97371,             0.98498,              0.9885,               0.697,            0.022541,           0.0056115,          0.00044572,           0.0052975,           0.0052975,           0.0052975
                  97,            0.024888,           0.0062658,          0.00078803,             0.97164,             0.98134,             0.98696,             0.70002,            0.022658,           0.0056548,          0.00052708,            0.005248,            0.005248,            0.005248
                  98,            0.024643,           0.0060818,           0.0007674,             0.96015,             0.96778,             0.97661,             0.67424,            0.023189,           0.0057619,          0.00048402,           0.0051985,           0.0051985,           0.0051985
                  99,            0.024932,           0.0063903,          0.00068108,             0.97387,             0.98808,             0.98996,             0.70546,            0.021626,           0.0054125,          0.00044062,            0.005149,            0.005149,            0.005149
                 100,            0.024166,           0.0061302,          0.00073912,             0.97087,             0.98461,             0.99065,             0.69844,            0.022175,           0.0055435,           0.0003516,           0.0050995,           0.0050995,           0.0050995
                 101,            0.024761,           0.0062205,          0.00084306,             0.97722,             0.98306,             0.98849,             0.68135,            0.022806,           0.0056677,          0.00045357,             0.00505,             0.00505,             0.00505
                 102,            0.024768,           0.0061874,           0.0010224,             0.97807,             0.97397,             0.98731,             0.69895,            0.022774,           0.0056494,          0.00053265,           0.0050005,           0.0050005,           0.0050005
                 103,            0.024718,           0.0061603,           0.0011188,             0.96774,             0.98166,             0.98896,             0.68604,            0.022658,           0.0056416,          0.00045672,            0.004951,            0.004951,            0.004951
                 104,             0.02443,           0.0062682,          0.00092742,              0.9766,             0.96925,              0.9905,              0.6888,            0.022552,            0.005521,          0.00039432,           0.0049015,           0.0049015,           0.0049015
                 105,            0.024142,           0.0061417,          0.00080297,             0.96404,             0.95961,             0.97879,             0.65335,            0.025049,           0.0062033,          0.00054956,            0.004852,            0.004852,            0.004852
                 106,            0.024575,           0.0062353,          0.00089288,             0.97648,             0.96502,              0.9873,             0.68149,            0.023468,           0.0056959,          0.00043271,           0.0048025,           0.0048025,           0.0048025
                 107,            0.024073,           0.0062019,          0.00064072,             0.97928,             0.98018,             0.98839,             0.70326,            0.022268,           0.0054571,          0.00039059,            0.004753,            0.004753,            0.004753
                 108,            0.023738,           0.0061146,          0.00067439,             0.98077,             0.98814,             0.99091,              0.7043,            0.021765,           0.0054365,          0.00037616,           0.0047035,           0.0047035,           0.0047035
                 109,            0.024106,           0.0061001,          0.00070417,              0.9793,             0.97597,             0.98917,              0.7116,            0.022132,           0.0055005,          0.00039362,            0.004654,            0.004654,            0.004654
                 110,            0.024311,           0.0062259,          0.00086573,             0.97839,             0.97674,             0.99111,             0.72125,            0.021858,           0.0053488,          0.00039163,           0.0046045,           0.0046045,           0.0046045
                 111,            0.023945,           0.0059856,            0.000766,             0.97857,             0.97899,              0.9904,             0.68938,            0.022296,           0.0054954,          0.00041783,            0.004555,            0.004555,            0.004555
                 112,            0.023729,           0.0061263,          0.00067869,             0.97672,             0.96786,               0.983,              0.6841,             0.02311,           0.0057735,          0.00059175,           0.0045055,           0.0045055,           0.0045055
                 113,            0.023793,           0.0060762,          0.00070605,             0.98173,             0.98453,             0.99129,             0.70771,            0.021938,           0.0054196,          0.00033039,            0.004456,            0.004456,            0.004456
                 114,            0.023632,           0.0060151,          0.00066574,             0.98114,             0.98253,             0.99128,             0.70294,            0.021493,            0.005355,          0.00036021,           0.0044065,           0.0044065,           0.0044065
                 115,            0.024332,           0.0060812,          0.00073871,             0.98134,             0.98366,             0.99047,             0.70942,            0.021672,           0.0053945,          0.00041915,            0.004357,            0.004357,            0.004357
                 116,            0.023899,           0.0061141,           0.0008981,             0.97245,             0.98762,             0.98941,             0.70684,            0.021771,            0.005405,          0.00057809,           0.0043075,           0.0043075,           0.0043075
                 117,            0.023646,             0.00618,          0.00057088,             0.98041,             0.97857,             0.99111,             0.70168,            0.021824,           0.0053682,          0.00033915,            0.004258,            0.004258,            0.004258
                 118,            0.023377,            0.006081,          0.00083319,             0.97298,             0.98065,             0.98955,             0.70236,             0.02244,           0.0055046,          0.00040605,           0.0042085,           0.0042085,           0.0042085
                 119,            0.023274,           0.0061105,           0.0013455,             0.97957,               0.982,             0.99111,             0.70531,            0.021528,           0.0053783,            0.000458,            0.004159,            0.004159,            0.004159
                 120,            0.023145,           0.0062148,          0.00060712,             0.96909,             0.98674,             0.99006,             0.68769,            0.022335,           0.0055304,          0.00034228,           0.0041095,           0.0041095,           0.0041095
                 121,            0.023055,           0.0058925,           0.0007775,             0.96898,             0.97067,             0.98938,             0.68557,            0.023713,           0.0057671,          0.00047366,             0.00406,             0.00406,             0.00406
                 122,            0.023512,            0.006022,          0.00075311,             0.96702,             0.98986,             0.99092,             0.69782,            0.021632,           0.0054812,          0.00040588,           0.0040105,           0.0040105,           0.0040105
                 123,            0.023583,           0.0060402,          0.00073521,             0.97974,             0.98021,             0.99143,              0.7085,            0.021425,           0.0053935,          0.00040141,            0.003961,            0.003961,            0.003961
                 124,            0.023379,           0.0060403,          0.00077244,             0.97757,             0.98692,             0.99132,             0.70626,            0.021428,           0.0054066,           0.0003437,           0.0039115,           0.0039115,           0.0039115
                 125,            0.023278,           0.0058844,          0.00057981,             0.97588,             0.98695,             0.99119,              0.7134,            0.021418,           0.0053435,          0.00033621,            0.003862,            0.003862,            0.003862
                 126,            0.022578,           0.0058078,           0.0008207,             0.98219,             0.98206,              0.9903,             0.71124,            0.021533,           0.0053431,           0.0003828,           0.0038125,           0.0038125,           0.0038125
                 127,              0.0229,           0.0059443,          0.00059711,             0.98096,             0.98458,             0.99153,             0.70658,            0.021348,           0.0053138,          0.00029247,            0.003763,            0.003763,            0.003763
                 128,            0.023027,            0.005986,           0.0006573,             0.98271,              0.9827,             0.99087,             0.71423,            0.021652,           0.0053449,          0.00030698,           0.0037135,           0.0037135,           0.0037135
                 129,            0.022748,           0.0060418,          0.00059216,             0.96311,              0.9828,             0.98988,             0.70007,            0.022033,           0.0053897,          0.00033147,            0.003664,            0.003664,            0.003664
                 130,            0.022462,           0.0058359,          0.00067437,             0.98149,             0.98147,             0.99077,             0.70856,            0.021365,           0.0053021,          0.00031425,           0.0036145,           0.0036145,           0.0036145
                 131,            0.022817,           0.0057526,          0.00071084,             0.97944,             0.98229,             0.98873,             0.71537,            0.021204,           0.0054477,          0.00032163,            0.003565,            0.003565,            0.003565
                 132,             0.02291,           0.0060686,          0.00073745,              0.9809,             0.98919,             0.98972,             0.71527,            0.021245,           0.0053189,          0.00033026,           0.0035155,           0.0035155,           0.0035155
                 133,            0.022926,           0.0059921,          0.00096297,              0.9728,             0.98203,             0.98872,             0.71562,            0.021451,           0.0054482,          0.00033591,            0.003466,            0.003466,            0.003466
                 134,            0.022198,           0.0058879,          0.00061116,             0.97856,             0.98392,             0.99013,             0.70949,            0.021756,           0.0054376,          0.00029484,           0.0034165,           0.0034165,           0.0034165
                 135,            0.022981,           0.0059482,          0.00075173,             0.97957,             0.98633,             0.98994,             0.71505,            0.021503,           0.0053857,           0.0003134,            0.003367,            0.003367,            0.003367
                 136,            0.022473,            0.005732,          0.00066068,             0.98012,             0.98383,             0.99101,             0.71329,            0.021313,           0.0053096,          0.00027944,           0.0033175,           0.0033175,           0.0033175
                 137,            0.022194,           0.0057378,          0.00065417,             0.97746,             0.98521,               0.991,              0.7172,            0.021276,           0.0052702,          0.00029327,            0.003268,            0.003268,            0.003268
                 138,            0.022484,           0.0058874,          0.00059615,             0.97295,             0.98998,             0.99149,             0.71049,            0.021368,           0.0052578,          0.00029369,           0.0032185,           0.0032185,           0.0032185
                 139,            0.022156,           0.0058097,          0.00048325,             0.97654,             0.98523,             0.99063,             0.71003,            0.021332,           0.0052343,          0.00026382,            0.003169,            0.003169,            0.003169
                 140,            0.022505,           0.0060412,           0.0006947,             0.97259,             0.98565,             0.99095,              0.7146,            0.021259,           0.0053502,          0.00035747,           0.0031195,           0.0031195,           0.0031195
                 141,            0.022201,           0.0057757,           0.0005173,             0.97239,             0.98375,             0.99066,             0.71386,            0.021766,           0.0053482,          0.00026017,             0.00307,             0.00307,             0.00307
                 142,            0.022272,           0.0057647,          0.00048809,             0.97871,             0.98543,             0.99078,             0.70532,            0.021361,           0.0053278,          0.00025565,           0.0030205,           0.0030205,           0.0030205
                 143,            0.021843,           0.0058001,          0.00059055,             0.97405,                0.99,             0.99161,             0.70683,            0.021157,           0.0052624,          0.00030432,            0.002971,            0.002971,            0.002971
                 144,            0.021992,           0.0057807,          0.00056168,             0.97637,             0.98579,             0.99114,             0.71085,            0.021662,           0.0054314,          0.00026918,           0.0029215,           0.0029215,           0.0029215
                 145,            0.022363,           0.0058712,          0.00075724,             0.97721,             0.98493,             0.99084,             0.71716,            0.021095,           0.0052975,          0.00031745,            0.002872,            0.002872,            0.002872
                 146,            0.022212,           0.0056322,          0.00068441,             0.97455,             0.98888,             0.99125,             0.72069,            0.021039,           0.0052837,          0.00027497,           0.0028225,           0.0028225,           0.0028225
                 147,             0.02187,           0.0055054,          0.00061423,             0.97336,             0.98763,             0.99064,              0.7163,             0.02142,           0.0053412,          0.00030063,            0.002773,            0.002773,            0.002773
                 148,            0.021799,            0.005716,          0.00064564,             0.97818,             0.98406,             0.99074,             0.71531,            0.021299,           0.0052713,          0.00033495,           0.0027235,           0.0027235,           0.0027235
                 149,            0.021965,           0.0057756,          0.00069288,             0.97266,             0.98886,             0.99088,             0.70748,            0.021646,           0.0053494,          0.00037582,            0.002674,            0.002674,            0.002674
                 150,            0.021617,           0.0056117,          0.00067277,             0.97964,             0.98768,             0.98993,             0.71343,            0.021495,           0.0052742,          0.00028922,           0.0026245,           0.0026245,           0.0026245
                 151,            0.021471,           0.0056861,          0.00055835,             0.97777,             0.98925,             0.99093,             0.71911,            0.020986,           0.0052425,          0.00026034,            0.002575,            0.002575,            0.002575
                 152,            0.021867,           0.0056711,          0.00046404,             0.97475,              0.9868,             0.99111,             0.71797,             0.02103,           0.0052325,           0.0002444,           0.0025255,           0.0025255,           0.0025255
                 153,            0.021825,           0.0058563,          0.00046991,             0.97837,             0.98687,             0.99085,             0.71839,            0.021002,           0.0052487,          0.00025589,            0.002476,            0.002476,            0.002476
                 154,            0.021595,           0.0057058,          0.00056629,             0.97906,             0.97947,             0.99055,             0.71506,            0.021359,           0.0052754,          0.00025815,           0.0024265,           0.0024265,           0.0024265
                 155,            0.021418,           0.0056806,          0.00048424,             0.97589,             0.98782,             0.99059,             0.71966,            0.021408,           0.0053699,          0.00024265,            0.002377,            0.002377,            0.002377
                 156,            0.021441,           0.0056627,          0.00055451,             0.97438,             0.99028,             0.99117,             0.72419,            0.020944,           0.0052414,          0.00026101,           0.0023275,           0.0023275,           0.0023275
                 157,             0.02104,           0.0056228,          0.00053336,             0.97643,             0.98652,             0.99186,             0.71439,            0.020909,           0.0052353,          0.00024954,            0.002278,            0.002278,            0.002278
                 158,            0.021037,           0.0055721,          0.00046179,             0.97142,             0.99005,             0.99117,             0.71637,            0.021184,            0.005305,          0.00025076,           0.0022285,           0.0022285,           0.0022285
                 159,            0.021224,           0.0056829,          0.00045318,             0.98026,             0.98435,              0.9916,             0.71659,             0.02114,           0.0052628,          0.00022372,            0.002179,            0.002179,            0.002179
                 160,            0.021111,           0.0055386,          0.00051606,             0.98097,             0.98494,             0.99193,             0.71997,            0.021086,           0.0052595,          0.00021798,           0.0021295,           0.0021295,           0.0021295
                 161,              0.0209,           0.0056285,          0.00058582,             0.98227,             0.98461,             0.99182,             0.71873,            0.020796,           0.0052206,          0.00022652,             0.00208,             0.00208,             0.00208
                 162,            0.020877,           0.0057146,          0.00056167,             0.98159,             0.98319,             0.99116,             0.71926,            0.021131,           0.0052619,          0.00022592,           0.0020305,           0.0020305,           0.0020305
                 163,            0.020633,            0.005559,          0.00048933,             0.97865,              0.9882,             0.99177,             0.72145,            0.020855,           0.0052354,          0.00021341,            0.001981,            0.001981,            0.001981
                 164,            0.020603,           0.0054953,          0.00038389,             0.97768,             0.98876,             0.99177,             0.72235,            0.020724,           0.0052161,          0.00019348,           0.0019315,           0.0019315,           0.0019315
                 165,            0.020777,           0.0054919,          0.00054211,             0.97803,             0.98925,             0.99136,             0.72156,             0.02098,            0.005255,          0.00020155,            0.001882,            0.001882,            0.001882
                 166,            0.020312,           0.0054756,          0.00047152,             0.97889,              0.9868,             0.99113,             0.71779,            0.021077,           0.0052804,           0.0002071,           0.0018325,           0.0018325,           0.0018325
                 167,             0.02056,           0.0055946,            0.000487,             0.98001,             0.98651,             0.99118,             0.72171,            0.020934,           0.0052425,          0.00020902,            0.001783,            0.001783,            0.001783
                 168,            0.020477,           0.0056045,           0.0004555,              0.9822,              0.9855,             0.99146,             0.72421,            0.020825,           0.0052239,          0.00018036,           0.0017335,           0.0017335,           0.0017335
                 169,            0.020577,           0.0054762,          0.00054556,             0.97926,             0.98773,             0.99128,             0.71874,            0.021006,           0.0052648,          0.00019413,            0.001684,            0.001684,            0.001684
                 170,            0.020712,           0.0054676,          0.00054199,             0.97749,              0.9885,             0.99084,              0.7227,             0.02106,           0.0052869,           0.0002046,           0.0016345,           0.0016345,           0.0016345
                 171,            0.020529,           0.0055374,           0.0005146,             0.97757,             0.98741,             0.99112,             0.72624,            0.020866,           0.0052655,          0.00020311,            0.001585,            0.001585,            0.001585
                 172,            0.020965,           0.0056623,          0.00047485,             0.97695,              0.9889,             0.99115,             0.72156,            0.020994,           0.0052823,          0.00019581,           0.0015355,           0.0015355,           0.0015355
                 173,            0.020309,           0.0053116,           0.0004777,             0.97925,              0.9882,             0.99124,             0.72671,            0.020758,           0.0052231,          0.00019918,            0.001486,            0.001486,            0.001486
                 174,            0.019979,           0.0054961,          0.00040261,             0.97955,             0.98685,             0.99129,             0.72767,              0.0208,           0.0052192,          0.00019051,           0.0014365,           0.0014365,           0.0014365
                 175,            0.020443,           0.0056401,          0.00066549,             0.97767,             0.98871,             0.99117,             0.72216,             0.02082,           0.0052439,          0.00020974,            0.001387,            0.001387,            0.001387
                 176,            0.020186,           0.0053556,          0.00040865,             0.97869,             0.98881,             0.99075,             0.71899,            0.020774,            0.005249,          0.00020484,           0.0013375,           0.0013375,           0.0013375
                 177,            0.019944,           0.0055355,          0.00035967,             0.98133,             0.98473,             0.99086,             0.72387,            0.020817,           0.0052405,          0.00017268,            0.001288,            0.001288,            0.001288
                 178,            0.020019,           0.0054178,           0.0003377,             0.98227,             0.98461,              0.9909,             0.72139,            0.020921,           0.0052606,          0.00015911,           0.0012385,           0.0012385,           0.0012385
                 179,            0.019894,           0.0052949,          0.00039883,             0.98291,              0.9851,             0.99103,             0.72505,            0.020948,           0.0052526,           0.0001517,            0.001189,            0.001189,            0.001189
                 180,            0.020125,           0.0053995,          0.00033255,             0.97992,             0.98734,             0.99117,             0.72265,            0.020929,           0.0052553,          0.00015398,           0.0011395,           0.0011395,           0.0011395
                 181,            0.020003,           0.0055635,           0.0004138,             0.98066,             0.98649,             0.99085,             0.72441,            0.020916,            0.005256,          0.00015995,             0.00109,             0.00109,             0.00109
                 182,            0.019916,           0.0054134,          0.00044734,             0.97936,             0.98784,             0.99126,             0.72563,            0.020892,           0.0052542,          0.00016546,           0.0010405,           0.0010405,           0.0010405
                 183,            0.019817,           0.0055476,          0.00043079,             0.98119,              0.9853,             0.99107,             0.72003,             0.02101,           0.0052794,          0.00017632,            0.000991,            0.000991,            0.000991
                 184,            0.019175,           0.0053999,          0.00033304,             0.98252,             0.98512,             0.99149,             0.72576,            0.020826,           0.0052475,          0.00016752,           0.0009415,           0.0009415,           0.0009415
                 185,            0.019426,           0.0053606,          0.00048151,             0.98265,             0.98402,             0.99174,              0.7258,            0.020767,           0.0052438,          0.00015114,            0.000892,            0.000892,            0.000892
                 186,            0.019503,           0.0054567,          0.00053717,             0.98154,             0.98456,             0.99154,             0.72487,            0.020761,           0.0052552,          0.00014958,           0.0008425,           0.0008425,           0.0008425
                 187,            0.019694,           0.0054591,          0.00047317,             0.98105,             0.98568,             0.99138,             0.72003,            0.020754,           0.0052592,          0.00015114,            0.000793,            0.000793,            0.000793
                 188,            0.019434,           0.0052785,          0.00043266,             0.98028,             0.98633,             0.99139,             0.72494,            0.020705,           0.0052423,          0.00014843,           0.0007435,           0.0007435,           0.0007435
                 189,            0.019375,           0.0051394,          0.00036487,             0.98245,             0.98469,             0.99153,             0.72077,            0.020847,           0.0052623,          0.00014458,            0.000694,            0.000694,            0.000694
                 190,            0.019502,           0.0052803,          0.00028528,             0.98057,             0.98634,              0.9915,             0.72658,            0.020888,           0.0052655,          0.00013272,           0.0006445,           0.0006445,           0.0006445
                 191,            0.018824,           0.0051712,          0.00039994,             0.98019,             0.98693,             0.99145,             0.73102,            0.020775,           0.0052476,          0.00012909,            0.000595,            0.000595,            0.000595
                 192,            0.019335,           0.0052169,          0.00052116,             0.97993,             0.98703,             0.99142,              0.7284,            0.020768,           0.0052528,          0.00013119,           0.0005455,           0.0005455,           0.0005455
                 193,            0.018948,           0.0053121,          0.00053629,             0.98051,             0.98647,             0.99135,             0.72649,            0.020908,           0.0052787,          0.00013181,            0.000496,            0.000496,            0.000496
                 194,            0.018755,           0.0051701,          0.00030799,             0.98024,             0.98631,             0.99148,             0.72817,            0.020825,           0.0052692,          0.00013149,           0.0004465,           0.0004465,           0.0004465
                 195,            0.018865,           0.0053549,          0.00028964,             0.98002,             0.98699,             0.99143,             0.72285,            0.020733,           0.0052498,          0.00012045,            0.000397,            0.000397,            0.000397
                 196,            0.019176,            0.005407,          0.00029219,             0.97962,             0.98738,             0.99162,             0.72692,            0.020713,           0.0052531,          0.00011125,           0.0003475,           0.0003475,           0.0003475
                 197,            0.019056,            0.005265,          0.00044449,             0.98046,             0.98651,             0.99159,             0.72998,            0.020753,           0.0052678,          0.00010535,            0.000298,            0.000298,            0.000298
                 198,            0.019015,           0.0053142,          0.00040836,             0.98051,              0.9868,             0.99167,             0.73012,            0.020725,           0.0052614,            0.000102,           0.0002485,           0.0002485,           0.0002485
                 199,            0.018951,           0.0052199,          0.00033458,             0.98017,             0.98663,             0.99141,             0.72568,            0.020707,           0.0052563,          9.9708e-05,            0.000199,            0.000199,            0.000199
